segment_id,start,end,duration_s,n_ticks,level,jump
0,2026-10-01 08:00:01,2026-10-01 08:56:46,3407.0,2864,-2.95,
1,2026-10-01 08:56:48,2026-10-01 10:17:51,4864.0,4119,-2.643,0.3070000000000004
2,2026-10-01 10:17:52,2026-10-01 10:28:41,650.0,537,-3.078,-0.43500000000000005
3,2026-10-01 10:28:42,2026-10-01 10:42:17,816.0,684,-2.595,0.48299999999999965
4,2026-10-01 10:42:18,2026-10-01 11:03:21,1265.0,1069,-3.102,-0.5069999999999997
5,2026-10-01 11:03:23,2026-10-01 11:16:42,800.0,668,-3.908,-0.806
6,2026-10-01 11:16:43,2026-10-01 11:31:02,860.0,729,-3.24,0.6679999999999997
7,2026-10-01 11:31:03,2026-10-01 11:42:12,670.0,580,-3.787,-0.5469999999999997
8,2026-10-01 11:42:13,2026-10-01 11:59:59,1067.0,908,-4.581,-0.7940000000000005
9,2026-10-02 08:00:00,2026-10-02 09:28:49,5330.0,4529,-1.756,
10,2026-10-02 09:28:50,2026-10-02 09:41:58,790.0,663,-2.199,-0.44299999999999984
11,2026-10-02 09:42:00,2026-10-02 10:46:11,3852.0,3333,-1.921,0.2779999999999998
12,2026-10-02 10:46:12,2026-10-02 10:50:42,271.0,227,-1.51,0.41100000000000003
13,2026-10-02 10:50:43,2026-10-02 10:57:14,394.0,328,-2.055,-0.5450000000000002
14,2026-10-02 10:57:17,2026-10-02 11:50:56,3221.0,2700,-2.536,-0.48099999999999987
15,2026-10-02 11:50:58,2026-10-02 11:59:59,542.0,453,-2.313,0.22299999999999986
